tx_id,merchant_name,merchant_id,amount,currency,amount_ngn,payment_type,mode,status,location_city,location_country,agent_id,device_id,sync_time_seconds,fee_charged,fx_rate,notes
ZP-OFFLINE-1784350207579-I7S3CE,Mama Nkechi Provisions,DEMO-MKT-001,2500.0,NGN,2500.0,nfc,offline,pending_sync,Abuja,Nigeria,DEMO-AGENT-001,NFC-6DC48F63,0.0,0.0,1.0,DEAD ZONE DEMO | ECC_R:d763fc66c294db85... | PUF:PUF-896704CFE7378E38 | Dist:5cm
ZP-TXN-0005,London Corner Shop,MRC-005,18.5,GBP,29600.0,NFC Contactless,ONLINE,SETTLED,"Peckham, London",United Kingdom,,DEV-UK-0007,0.3,296.0,1600.0,GBP cross-border settled
ZP-TXN-0007,PHC Fuel Station,MRC-006,22000.0,NGN,22000.0,NFC Contactless,OFFLINE,SYNCED,Port Harcourt,Nigeria,AGT-006,DEV-PH-0011,1.1,220.0,1.0,
ZP-TXN-0004,Accra Fresh Foods,MRC-004,320.0,GHS,128000.0,Card Tap,ONLINE,SETTLED,Accra,Ghana,AGT-005,DEV-GH-0003,0.6,1280.0,400.0,GHS to NGN conversion
ZP-TXN-0002,Kemi Fashion Hub,MRC-002,12000.0,NGN,12000.0,Card Tap,ONLINE,SETTLED,Abuja,Nigeria,AGT-002,DEV-AB-0014,0.4,120.0,1.0,
ZP-TXN-0008,Brixton Market Stall,MRC-007,42.0,GBP,67200.0,Card Tap,ONLINE,SETTLED,"Brixton, London",United Kingdom,,DEV-UK-0012,0.5,672.0,1600.0,
ZP-TXN-0006,Dakar Telecom Hub,MRC-008,5500.0,XOF,55000.0,Card Tap,OFFLINE,PENDING,Dakar,Senegal,,DEV-SN-0002,0.0,550.0,10.0,Awaiting network for sync
ZP-TXN-0001,Mama Ngozi Market,MRC-001,4500.0,NGN,4500.0,NFC Contactless,OFFLINE,SYNCED,Lagos Island,Nigeria,AGT-001,DEV-LG-0021,1.2,45.0,1.0,Offline sync on network restore
ZP-TXN-0003,Ibrahim Motors Ltd,MRC-003,85000.0,NGN,85000.0,NFC Contactless,OFFLINE,SYNCED,Kano,Nigeria,AGT-004,DEV-KN-0008,0.9,850.0,1.0,High value offline transaction
